paper_id,pilot_overlap
C001,NO
C002,NO
C003,NO
C004,NO
C005,NO
C006,NO
C007,YES
C008,NO
C009,YES
C010,YES
C011,NO
C012,NO
C013,YES
C014,NO
C015,NO
C016,NO
C017,YES
C018,YES
C019,NO
C020,NO
C021,NO
C022,YES
C023,NO
C024,YES
C025,NO
C026,NO
C027,YES
C028,NO
C029,YES
C030,NO
C031,NO
C032,NO
C033,YES
C034,NO
C035,NO
C036,YES
C037,YES
C038,YES
C039,NO
C040,YES
C041,YES
C042,YES
C043,NO
C044,NO
C045,YES
C046,NO
C047,YES
C048,YES
C049,YES
C050,YES
C051,YES
C052,YES
C053,YES
C054,YES
C055,NO
C056,NO
C057,YES
C058,YES
C059,YES
C060,NO
C061,NO
C062,NO
C063,NO
C064,NO
C065,NO
C066,NO
C067,NO
C068,NO
C069,NO
C070,NO
C071,NO
C072,NO
C073,NO
C074,NO
C075,NO
C076,NO
C077,NO
C078,NO
C079,NO
C080,NO
C081,NO
C082,NO
C083,NO
C084,NO
C085,YES
C086,YES
C087,YES
C088,YES
C089,YES
C090,YES
C091,YES
C092,YES
C093,NO
